s0e0,ep_id
101,2
102,3
103,4
104,5
105,6
106,7
201,8
202,9
203,10
204,11
205,12
206,13
207,14
208,15
209,16
210,17
211,18
212,19
213,20
214,21
215,22
216,23
217,24
218,25
219,26
220,27
221,28
222,29
301,30
302,31
303,32
304,33
305,34
306,35
307,36
308,37
309,38
310,39
311,40
312,41
313,42
314,43
315,44
316,45
317,46
318,47
319,48
320,49
321,50
322,51
323,52
401,53
402,54
403,55
404,56
405,57
406,58
407,59
408,60
409,61
410,62
411,63
412,64
413,65
414,66
501,67
502,68
503,69
504,70
505,71
506,72
507,73
508,74
509,75
510,76
511,77
512,78
513,79
514,80
515,81
516,82
517,83
518,84
519,85
520,86
521,87
522,88
523,89
524,90
525,91
526,92
601,93
602,94
603,95
604,96
605,97
606,98
607,99
608,100
609,101
610,102
611,103
612,104
613,105
614,106
615,107
616,108
617,109
618,110
619,111
620,112
621,113
622,114
623,115
624,116
701,117
702,118
703,119
704,120
705,121
706,122
707,123
708,124
709,125
710,126
711,127
712,128
713,129
714,130
715,131
716,132
717,133
718,134
719,135
720,136
721,137
722,138
723,139
724,140
801,141
802,142
803,143
804,144
805,145
806,146
807,147
808,148
809,149
810,150
811,151
812,152
813,153
814,154
815,155
816,156
817,157
818,158
819,159
820,160
821,161
822,162
823,163
824,164
901,165
902,166
903,167
904,168
905,169
906,170
907,171
908,172
909,173
910,174
911,175
912,176
913,177
914,178
915,179
916,180
917,181
918,182
919,183
920,184
921,185
922,186
923,187
